<?xml version="1.0" encoding="UTF-8"?>
<component name="HomePage" extends="Group"  initialFocus="RowList">
    <script type="text/brightscript" uri="HomePage.brs" />
    <script type="text/brightscript" uri="pkg:/source/utils.brs" />
	 <interface>
        <field id="content" type="node" alias="RowList.content" />
        <field id="rowItemSelected" type="intarray" alwaysnotify="true" alias="RowList.rowItemSelected" />
        <field id="jumpToRowItem" type="intarray" alias="RowList.jumpToRowItem" />
    </interface>
    <children>
        <Label
	        id="titleLabel"
	        width="1020"
			translation="[130,220]"
            font="font:LargeBoldSystemFont"
	    />
        <Label
	        id="descriptionLabel"
	        wrap="true"
	        width="1020"
	        numLines="3"
			translation="[130,270]"
	    />
        <RowList
            itemComponentName="RowListItemComponent"
            id="rowList"
            translation="[80,360]"
            numRows="2"
            rowitemSize="[[320,180]]"
            rowItemSpacing="[[20,0]]"
            itemSize="[1100,270]"
            rowLabelOffset="[[50,20]]"
            focusXOffset="[50]"
            showRowLabel="[true]"
            rowFocusAnimationStyle="floatingfocus"
        />
    </children>
</component>
